{"cameraMode":{"drawMode":0,"name":"Shaded","section":"Shading Mode"},"sceneLighting":true,"audioPlay":false,"sceneViewState":{"showFog":true,"showMaterialUpdate":false,"showSkybox":true,"showFlares":true,"showImageEffects":true,"showParticleSystems":true},"in2DMode":false,"pivot":{"x":11.441296577453614,"y":21.99510955810547,"z":-17.42571258544922},"rotation":{"x":0.42931118607521059,"y":-0.04406890645623207,"z":0.02112150564789772,"w":0.9019597172737122},"size":3.2969419956207277,"orthographic":false}