{"cameraMode":{"drawMode":0,"name":"Shaded","section":"Shading Mode"},"sceneLighting":true,"audioPlay":false,"sceneViewState":{"showFog":true,"showMaterialUpdate":false,"showSkybox":true,"showFlares":true,"showImageEffects":true,"showParticleSystems":true},"in2DMode":false,"pivot":{"x":-2.5886385440826418,"y":2.9107179641723635,"z":-10.185096740722657},"rotation":{"x":0.2709648013114929,"y":0.27582645416259768,"z":-0.08119934797286987,"w":0.9187616109848023},"size":3.2969419956207277,"orthographic":false}